href,value,timestamp,date
https://www.instagram.com/yustikapus_,yustikapus_,1728168386,2024-10-05 22:46:26
https://www.instagram.com/officialodddanny,officialodddanny,1727450219,2024-09-27 15:16:59
https://www.instagram.com/gray.d.fullbuster,gray.d.fullbuster,1727440893,2024-09-27 12:41:33
https://www.instagram.com/fernandagunsan,fernandagunsan,1727186318,2024-09-24 13:58:38
https://www.instagram.com/alicephoebelou,alicephoebelou,1726463910,2024-09-16 05:18:30
https://www.instagram.com/mohanhazian,mohanhazian,1726454108,2024-09-16 02:35:08
https://www.instagram.com/alyaaputri,alyaaputri,1726454092,2024-09-16 02:34:52
https://www.instagram.com/wsatcc,wsatcc,1725812598,2024-09-08 16:23:18
https://www.instagram.com/thestrokes,thestrokes,1725812200,2024-09-08 16:16:40
https://www.instagram.com/clairo,clairo,1725812092,2024-09-08 16:14:52
https://www.instagram.com/dharmags,dharmags,1724913339,2024-08-29 06:35:39
https://www.instagram.com/oasis,oasis,1724760242,2024-08-27 12:04:02
https://www.instagram.com/blowingfact,blowingfact,1724568220,2024-08-25 06:43:40
https://www.instagram.com/realityclub,realityclub,1723850814,2024-08-16 23:26:54
https://www.instagram.com/mayaayuning,mayaayuning,1722308436,2024-07-30 03:00:36
https://www.instagram.com/gregorius.d.muda,gregorius.d.muda,1721799943,2024-07-24 05:45:43
https://www.instagram.com/facemelts,facemelts,1721471310,2024-07-20 10:28:30
https://www.instagram.com/salpriadi,salpriadi,1720163585,2024-07-05 07:13:05
https://www.instagram.com/converse_id,converse_id,1717759188,2024-06-07 11:19:48
https://www.instagram.com/findingoodfilms,findingoodfilms,1717345567,2024-06-02 16:26:07
https://www.instagram.com/fender,fender,1716395949,2024-05-22 16:39:09
https://www.instagram.com/explainingtheuniverse,explainingtheuniverse,1715184582,2024-05-08 16:09:42
https://www.instagram.com/altsongdigger,altsongdigger,1715183341,2024-05-08 15:49:01
https://www.instagram.com/natgeo,natgeo,1713527429,2024-04-19 11:50:29
https://www.instagram.com/diskon.indonesia,diskon.indonesia,1711341643,2024-03-25 04:40:43
https://www.instagram.com/goodlifebca,goodlifebca,1711085777,2024-03-22 05:36:17
https://www.instagram.com/arcticmonkeys,arcticmonkeys,1708866749,2024-02-25 13:12:29
https://www.instagram.com/ussfeeds,ussfeeds,1708599725,2024-02-22 11:02:05
https://www.instagram.com/folkative,folkative,1708599698,2024-02-22 11:01:38
https://www.instagram.com/viceind,viceind,1708599696,2024-02-22 11:01:36
https://www.instagram.com/kulturdomestik,kulturdomestik,1708174410,2024-02-17 12:53:30
https://www.instagram.com/plfrprod,plfrprod,1707376910,2024-02-08 07:21:50
https://www.instagram.com/triple_j,triple_j,1707219851,2024-02-06 11:44:11
https://www.instagram.com/some_crumb,some_crumb,1706684626,2024-01-31 07:03:46
https://www.instagram.com/royelotis,royelotis,1706666121,2024-01-31 01:55:21
https://www.instagram.com/cinematologist_,cinematologist_,1705812658,2024-01-21 04:50:58
https://www.instagram.com/mappingtheguitar,mappingtheguitar,1705412011,2024-01-16 13:33:31
https://www.instagram.com/menkiani,menkiani,1705386370,2024-01-16 06:26:10
https://www.instagram.com/rose.pratiwi,rose.pratiwi,1703307658,2023-12-23 05:00:58
https://www.instagram.com/konserbali,konserbali,1702196043,2023-12-10 08:14:03
https://www.instagram.com/herugalih2020,herugalih2020,1700654948,2023-11-22 12:09:08
https://www.instagram.com/biiekristyaningrum,biiekristyaningrum,1700654932,2023-11-22 12:08:52
https://www.instagram.com/historyphotographed,historyphotographed,1700144066,2023-11-16 14:14:26
https://www.instagram.com/joniarsana_,joniarsana_,1699528865,2023-11-09 11:21:05
https://www.instagram.com/joylandfest,joylandfest,1698969244,2023-11-02 23:54:04
https://www.instagram.com/adisumardiyasa,adisumardiyasa,1696599233,2023-10-06 13:33:53
https://www.instagram.com/ienaranie,ienaranie,1695790078,2023-09-27 04:47:58
https://www.instagram.com/whiteboardjournal,whiteboardjournal,1694383796,2023-09-10 22:09:56
https://www.instagram.com/sorezeband,sorezeband,1694003309,2023-09-06 12:28:29
https://www.instagram.com/kpimixlmn,kpimixlmn,1693738549,2023-09-03 10:55:49
https://www.instagram.com/si.erlangga,si.erlangga,1693660461,2023-09-02 13:14:21
https://www.instagram.com/jazzguitarlicks,jazzguitarlicks,1693543591,2023-09-01 04:46:31
https://www.instagram.com/caitlinguitar,caitlinguitar,1693543459,2023-09-01 04:44:19
https://www.instagram.com/hai_online,hai_online,1693543381,2023-09-01 04:43:01
https://www.instagram.com/vicenews,vicenews,1693543294,2023-09-01 04:41:34
https://www.instagram.com/rianra152499,rianra152499,1691375114,2023-08-07 02:25:14
https://www.instagram.com/tutvirgo31,tutvirgo31,1690250927,2023-07-25 02:08:47
https://www.instagram.com/deliciousbali,deliciousbali,1689770642,2023-07-19 12:44:02
https://www.instagram.com/ningsjohny,ningsjohny,1686883706,2023-06-16 02:48:26
https://www.instagram.com/reachzkydeela,reachzkydeela,1686643750,2023-06-13 08:09:10
https://www.instagram.com/kumalarth,kumalarth,1686639242,2023-06-13 06:54:02
https://www.instagram.com/emily_elsie,emily_elsie,1685880921,2023-06-04 12:15:21
https://www.instagram.com/ali__radio,ali__radio,1685785908,2023-06-03 09:51:48
https://www.instagram.com/gungyoga31,gungyoga31,1684195003,2023-05-15 23:56:43
https://www.instagram.com/polkawars,polkawars,1684167972,2023-05-15 16:26:12
https://www.instagram.com/jp.patton,jp.patton,1684063455,2023-05-14 11:24:15
https://www.instagram.com/thehalocline,thehalocline,1682962424,2023-05-01 17:33:44
https://www.instagram.com/ws_balitrans,ws_balitrans,1681792569,2023-04-18 04:36:09
https://www.instagram.com/mdariwijaya_,mdariwijaya_,1680308655,2023-04-01 00:24:15
https://www.instagram.com/haelioy,haelioy,1679053843,2023-03-17 11:50:43
https://www.instagram.com/ekaaagustini97,ekaaagustini97,1678859761,2023-03-15 05:56:01
https://www.instagram.com/goosefxpedalsbali,goosefxpedalsbali,1677919204,2023-03-04 08:40:04
https://www.instagram.com/bennyrisanto,bennyrisanto,1677733370,2023-03-02 05:02:50
https://www.instagram.com/theadamsband,theadamsband,1675259723,2023-02-01 13:55:23
https://www.instagram.com/perunggu_,perunggu_,1675259719,2023-02-01 13:55:19
https://www.instagram.com/novalita.k.r,novalita.k.r,1675070650,2023-01-30 09:24:10
https://www.instagram.com/nafirimusic,nafirimusic,1674964970,2023-01-29 04:02:50
https://www.instagram.com/taniadian_private,taniadian_private,1673944822,2023-01-17 08:40:22
https://www.instagram.com/ekiardiyansyah_,ekiardiyansyah_,1673452015,2023-01-11 15:46:55
https://www.instagram.com/sweeleejakarta,sweeleejakarta,1672834376,2023-01-04 12:12:56
https://www.instagram.com/a.i.n.i_,a.i.n.i_,1672304043,2022-12-29 08:54:03
https://www.instagram.com/eppo.__,eppo.__,1669984699,2022-12-02 12:38:19
https://www.instagram.com/idabgsastika_,idabgsastika_,1667905929,2022-11-08 11:12:09
https://www.instagram.com/utomoadito,utomoadito,1666669983,2022-10-25 03:53:03
https://www.instagram.com/b.darmika,b.darmika,1665897166,2022-10-16 05:12:46
https://www.instagram.com/darminifernayanti,darminifernayanti,1660699518,2022-08-17 01:25:18
https://www.instagram.com/yashna.bakery,yashna.bakery,1659894985,2022-08-07 17:56:25
https://www.instagram.com/jones_barber_academy,jones_barber_academy,1657976271,2022-07-16 12:57:51
https://www.instagram.com/blissbarber.course,blissbarber.course,1657976040,2022-07-16 12:54:00
https://www.instagram.com/adin_guitarservice,adin_guitarservice,1657941784,2022-07-16 03:23:04
https://www.instagram.com/kainnesia,kainnesia,1656843560,2022-07-03 10:19:20
https://www.instagram.com/arizaronaldo92,arizaronaldo92,1654234448,2022-06-03 05:34:08
https://www.instagram.com/pisang_keeju,pisang_keeju,1654098044,2022-06-01 15:40:44
https://www.instagram.com/wahyuknugra,wahyuknugra,1653989284,2022-05-31 09:28:04
https://www.instagram.com/juraghanmudha,juraghanmudha,1652673638,2022-05-16 04:00:38
https://www.instagram.com/mungkiiin_,mungkiiin_,1651577360,2022-05-03 11:29:20
https://www.instagram.com/asblueasclementine,asblueasclementine,1651238968,2022-04-29 13:29:28
https://www.instagram.com/michikkkkoo,michikkkkoo,1649405568,2022-04-08 08:12:48
https://www.instagram.com/ayuuuuuputriii,ayuuuuuputriii,1648189813,2022-03-25 06:30:13
https://www.instagram.com/concordia_music_shop,concordia_music_shop,1643247805,2022-01-27 01:43:25
https://www.instagram.com/araaa_fsari,araaa_fsari,1643205728,2022-01-26 14:02:08
https://www.instagram.com/winnyzi_,winnyzi_,1642668304,2022-01-20 08:45:04
https://www.instagram.com/kristinadarmayanthi,kristinadarmayanthi,1641526519,2022-01-07 03:35:19
https://www.instagram.com/hiendguitar_bali,hiendguitar_bali,1640517973,2021-12-26 11:26:13
https://www.instagram.com/hiendguitar,hiendguitar,1640516968,2021-12-26 11:09:28
https://www.instagram.com/gimme_shelter_bali,gimme_shelter_bali,1640067950,2021-12-21 06:25:50
https://www.instagram.com/fr081938,fr081938,1639758331,2021-12-17 16:25:31
https://www.instagram.com/rusdana_90s,rusdana_90s,1637058505,2021-11-16 10:28:25
https://www.instagram.com/estherragapi,estherragapi,1636174066,2021-11-06 04:47:46
https://www.instagram.com/rizkyrossano,rizkyrossano,1635983193,2021-11-03 23:46:33
https://www.instagram.com/am.nst,am.nst,1635978769,2021-11-03 22:32:49
https://www.instagram.com/krsnnn_,krsnnn_,1635978515,2021-11-03 22:28:35
https://www.instagram.com/sceciliads,sceciliads,1635949410,2021-11-03 14:23:30
https://www.instagram.com/anggabayu0,anggabayu0,1635945852,2021-11-03 13:24:12
https://www.instagram.com/youdicks,youdicks,1635945662,2021-11-03 13:21:02
https://www.instagram.com/sawneyos,sawneyos,1635520464,2021-10-29 15:14:24
https://www.instagram.com/not_fussed,not_fussed,1635493182,2021-10-29 07:39:42
https://www.instagram.com/indri_andlis,indri_andlis,1634875368,2021-10-22 04:02:48
https://www.instagram.com/gigz.id,gigz.id,1634096610,2021-10-13 03:43:30
https://www.instagram.com/tituswaskitho,tituswaskitho,1633937480,2021-10-11 07:31:20
https://www.instagram.com/yashanadi,yashanadi,1633750832,2021-10-09 03:40:32
https://www.instagram.com/greyson_nekrutman,greyson_nekrutman,1632637657,2021-09-26 06:27:37
https://www.instagram.com/praz_teguh,praz_teguh,1632059816,2021-09-19 13:56:56
https://www.instagram.com/nui_baliplanner,nui_baliplanner,1631703280,2021-09-15 10:54:40
https://www.instagram.com/msteffiano,msteffiano,1631666858,2021-09-15 00:47:38
https://www.instagram.com/titok_kitok,titok_kitok,1630669892,2021-09-03 11:51:32
https://www.instagram.com/senjacakee,senjacakee,1627998902,2021-08-03 13:55:02
https://www.instagram.com/yosibsar,yosibsar,1626010400,2021-07-11 13:33:20
https://www.instagram.com/dapurnaziya,dapurnaziya,1626007129,2021-07-11 12:38:49
https://www.instagram.com/umkastudio_,umkastudio_,1623639976,2021-06-14 03:06:16
https://www.instagram.com/hightyid,hightyid,1623515041,2021-06-12 16:24:01
https://www.instagram.com/tropicthundervintage,tropicthundervintage,1623495576,2021-06-12 10:59:36
https://www.instagram.com/artist.attire,artist.attire,1621346213,2021-05-18 13:56:53
https://www.instagram.com/hgbasiclabs,hgbasiclabs,1621262390,2021-05-17 14:39:50
https://www.instagram.com/epidemicstreetwear,epidemicstreetwear,1621256519,2021-05-17 13:01:59
https://www.instagram.com/sant.ai,sant.ai,1621251532,2021-05-17 11:38:52
https://www.instagram.com/grayscalefuture,grayscalefuture,1621174060,2021-05-16 14:07:40
https://www.instagram.com/_sickxbrain,_sickxbrain,1620861843,2021-05-12 23:24:03
https://www.instagram.com/nappamilano,nappamilano,1620603972,2021-05-09 23:46:12
https://www.instagram.com/dms.rmdhan,dms.rmdhan,1618957435,2021-04-20 22:23:55
https://www.instagram.com/santai.catalog,santai.catalog,1618719045,2021-04-18 04:10:45
https://www.instagram.com/shop_onlineslv,shop_onlineslv,1617582325,2021-04-05 00:25:25
https://www.instagram.com/surya_widnyana,surya_widnyana,1617362916,2021-04-02 11:28:36
https://www.instagram.com/bistech.solutions,bistech.solutions,1616637684,2021-03-25 02:01:24
https://www.instagram.com/lailatshrifh,lailatshrifh,1615805060,2021-03-15 10:44:20
https://www.instagram.com/sendal_jetpitt,sendal_jetpitt,1613896662,2021-02-21 08:37:42
https://www.instagram.com/muhammadrizqymaulana13,muhammadrizqymaulana13,1612596745,2021-02-06 07:32:25
https://www.instagram.com/dewiindahpurnama_,dewiindahpurnama_,1610723119,2021-01-15 15:05:19
https://www.instagram.com/genkoplax,genkoplax,1609660612,2021-01-03 07:56:52
https://www.instagram.com/batuhdg,batuhdg,1607864394,2020-12-13 12:59:54
https://www.instagram.com/jhenwick,jhenwick,1606470484,2020-11-27 09:48:04
https://www.instagram.com/evacelia,evacelia,1606470221,2020-11-27 09:43:41
https://www.instagram.com/bayukristiawanrizki,bayukristiawanrizki,1602682843,2020-10-14 13:40:43
https://www.instagram.com/bulabubali,bulabubali,1599727042,2020-09-10 08:37:22
https://www.instagram.com/_muhammad_rudi21,_muhammad_rudi21,1597757467,2020-08-18 13:31:07
https://www.instagram.com/fantasi.kreasi,fantasi.kreasi,1596548501,2020-08-04 13:41:41
https://www.instagram.com/putugandhiputra,putugandhiputra,1596087708,2020-07-30 05:41:48
https://www.instagram.com/thecat.dude,thecat.dude,1595506328,2020-07-23 12:12:08
https://www.instagram.com/rana.warna,rana.warna,1595305073,2020-07-21 04:17:53
https://www.instagram.com/adhibujangga,adhibujangga,1595259488,2020-07-20 15:38:08
https://www.instagram.com/pickupmusic,pickupmusic,1593941648,2020-07-05 09:34:08
https://www.instagram.com/bagusbala,bagusbala,1591698490,2020-06-09 10:28:10
https://www.instagram.com/kinoestory,kinoestory,1591375606,2020-06-05 16:46:46
https://www.instagram.com/febri.yong,febri.yong,1589617963,2020-05-16 08:32:43
https://www.instagram.com/isroil13,isroil13,1588482290,2020-05-03 05:04:50
https://www.instagram.com/putriyashintaa,putriyashintaa,1588248880,2020-04-30 12:14:40
https://www.instagram.com/therealdisastr,therealdisastr,1587963123,2020-04-27 04:52:03
https://www.instagram.com/rchelcia,rchelcia,1587460696,2020-04-21 09:18:16
https://www.instagram.com/_dheeaaii,_dheeaaii,1587177604,2020-04-18 02:40:04
https://www.instagram.com/dama_ps,dama_ps,1583229498,2020-03-03 09:58:18
https://www.instagram.com/mrs.aprianto27,mrs.aprianto27,1582883508,2020-02-28 09:51:48
https://www.instagram.com/arethuzavonza,arethuzavonza,1582853919,2020-02-28 01:38:39
https://www.instagram.com/bhaskaraby,bhaskaraby,1582788583,2020-02-27 07:29:43
https://www.instagram.com/gedesudarsana1,gedesudarsana1,1582295660,2020-02-21 14:34:20
https://www.instagram.com/ibgdwipermana,ibgdwipermana,1581322375,2020-02-10 08:12:55
https://www.instagram.com/tenuedeattire,tenuedeattire,1581158420,2020-02-08 10:40:20
https://www.instagram.com/viratalisa,viratalisa,1580225065,2020-01-28 15:24:25
https://www.instagram.com/tu.riskii,tu.riskii,1577717547,2019-12-30 14:52:27
https://www.instagram.com/ddpande,ddpande,1575347958,2019-12-03 04:39:18
https://www.instagram.com/elisnindya,elisnindya,1575347540,2019-12-03 04:32:20
https://www.instagram.com/mateusasato,mateusasato,1572777842,2019-11-03 10:44:02
https://www.instagram.com/pevpearce,pevpearce,1570528884,2019-10-08 10:01:24
https://www.instagram.com/sant.figure,sant.figure,1569157176,2019-09-22 12:59:36
https://www.instagram.com/joshuakevinh,joshuakevinh,1569108299,2019-09-21 23:24:59
https://www.instagram.com/barasuara,barasuara,1568982990,2019-09-20 12:36:30
https://www.instagram.com/baifernbah,baifernbah,1568085814,2019-09-10 03:23:34
https://www.instagram.com/adihartawan8,adihartawan8,1566450430,2019-08-22 05:07:10
https://www.instagram.com/wilbro_,wilbro_,1566450387,2019-08-22 05:06:27
https://www.instagram.com/igapaja,igapaja,1566444426,2019-08-22 03:27:06
https://www.instagram.com/hrsdwip,hrsdwip,1565919631,2019-08-16 01:40:31
https://www.instagram.com/o.l.g.a.a.w,o.l.g.a.a.w,1564055126,2019-07-25 11:45:26
https://www.instagram.com/ratiholanda,ratiholanda,1561979074,2019-07-01 11:04:34
https://www.instagram.com/pt.dodi,pt.dodi,1555888707,2019-04-21 23:18:27
https://www.instagram.com/scaller_id,scaller_id,1554043618,2019-03-31 14:46:58
https://www.instagram.com/qoo_da_r,qoo_da_r,1548647052,2019-01-28 03:44:12
https://www.instagram.com/bagusetiawann,bagusetiawann,1546321052,2019-01-01 05:37:32
https://www.instagram.com/meizie_,meizie_,1544434998,2018-12-10 09:43:18
https://www.instagram.com/gstayuarypratiwi,gstayuarypratiwi,1542607191,2018-11-19 05:59:51
https://www.instagram.com/trivbarbs,trivbarbs,1542607180,2018-11-19 05:59:40
https://www.instagram.com/amoybipboo,amoybipboo,1542607064,2018-11-19 05:57:44
https://www.instagram.com/dewita_putri,dewita_putri,1542607030,2018-11-19 05:57:10
https://www.instagram.com/btsmerk,btsmerk,1540614722,2018-10-27 04:32:02
https://www.instagram.com/mariaullfaah,mariaullfaah,1537022774,2018-09-15 14:46:14
https://www.instagram.com/themaliana_,themaliana_,1532740944,2018-07-28 01:22:24
https://www.instagram.com/nitasuari,nitasuari,1532258926,2018-07-22 11:28:46
https://www.instagram.com/ourdailydoseid,ourdailydoseid,1529549521,2018-06-21 02:52:01
https://www.instagram.com/_dediik,_dediik,1529370631,2018-06-19 01:10:31
https://www.instagram.com/lastroze,lastroze,1529370615,2018-06-19 01:10:15
https://www.instagram.com/rusmitarofianty,rusmitarofianty,1529121545,2018-06-16 03:59:05
https://www.instagram.com/mohammadsahruwardi,mohammadsahruwardi,1529058814,2018-06-15 10:33:34
https://www.instagram.com/vans.indo,vans.indo,1528634813,2018-06-10 12:46:53
https://www.instagram.com/hendraaptr_,hendraaptr_,1526004446,2018-05-11 02:07:26
https://www.instagram.com/utamigunadewi,utamigunadewi,1525762172,2018-05-08 06:49:32
https://www.instagram.com/ferlyrossa,ferlyrossa,1525401829,2018-05-04 02:43:49
https://www.instagram.com/ptshanut,ptshanut,1524571627,2018-04-24 12:07:07
https://www.instagram.com/ariestaatiek,ariestaatiek,1523024263,2018-04-06 14:17:43
https://www.instagram.com/priscakristina,priscakristina,1519087356,2018-02-20 00:42:36
https://www.instagram.com/ivanoardhi,ivanoardhi,1516062825,2018-01-16 00:33:45
https://www.instagram.com/renalditama_,renalditama_,1515673734,2018-01-11 12:28:54
https://www.instagram.com/ellyarisqiayuu,ellyarisqiayuu,1514853811,2018-01-02 00:43:31
https://www.instagram.com/cahyamaykernia,cahyamaykernia,1514810730,2018-01-01 12:45:30
https://www.instagram.com/noradianita,noradianita,1514800761,2018-01-01 09:59:21
https://www.instagram.com/bandem.wilson,bandem.wilson,1514800339,2018-01-01 09:52:19
https://www.instagram.com/aryasayoga,aryasayoga,1514799018,2018-01-01 09:30:18
https://www.instagram.com/arfudn,arfudn,1514798442,2018-01-01 09:20:42
https://www.instagram.com/putuagus_y,putuagus_y,1514798368,2018-01-01 09:19:28
https://www.instagram.com/taufanadii,taufanadii,1514559574,2017-12-29 14:59:34
https://www.instagram.com/kebaskaraan,kebaskaraan,1514460396,2017-12-28 11:26:36
https://www.instagram.com/winas_zhaki,winas_zhaki,1514442913,2017-12-28 06:35:13
https://www.instagram.com/aditya_pratamapt,aditya_pratamapt,1513834966,2017-12-21 05:42:46
https://www.instagram.com/johnnovekarisma,johnnovekarisma,1513759824,2017-12-20 08:50:24
https://www.instagram.com/irza_88,irza_88,1511261835,2017-11-21 10:57:15
https://www.instagram.com/shelvyoktavia.7,shelvyoktavia.7,1510746799,2017-11-15 11:53:19
https://www.instagram.com/locker_tent,locker_tent,1509275886,2017-10-29 11:18:06
https://www.instagram.com/milanastika,milanastika,1508988464,2017-10-26 03:27:44
https://www.instagram.com/igdws,igdws,1507166597,2017-10-05 01:23:17
https://www.instagram.com/dhie_eggy,dhie_eggy,1505280401,2017-09-13 05:26:41
https://www.instagram.com/putuandy_,putuandy_,1505049414,2017-09-10 13:16:54
https://www.instagram.com/bayupermadi8,bayupermadi8,1504872612,2017-09-08 12:10:12
https://www.instagram.com/sebelahmata_erk,sebelahmata_erk,1503903117,2017-08-28 06:51:57
https://www.instagram.com/yasputra,yasputra,1495517722,2017-05-23 05:35:22
https://www.instagram.com/eganjaya,eganjaya,1495517721,2017-05-23 05:35:21
https://www.instagram.com/prayoga_utamayu,prayoga_utamayu,1495517719,2017-05-23 05:35:19
https://www.instagram.com/istilahbodoh,istilahbodoh,1495261110,2017-05-20 06:18:30
https://www.instagram.com/yuriijulian17,yuriijulian17,1495170645,2017-05-19 05:10:45
https://www.instagram.com/rizky.ananda.ds,rizky.ananda.ds,1494209325,2017-05-08 02:08:45
https://www.instagram.com/heytara_,heytara_,1492306936,2017-04-16 01:42:16
https://www.instagram.com/alitdputra,alitdputra,1491955120,2017-04-11 23:58:40
https://www.instagram.com/monitatahalea,monitatahalea,1491197382,2017-04-03 05:29:42
https://www.instagram.com/kadek_rajun,kadek_rajun,1490860586,2017-03-30 07:56:26
https://www.instagram.com/igpys,igpys,1487669571,2017-02-21 09:32:51
https://www.instagram.com/yusuf_balbeid,yusuf_balbeid,1487544605,2017-02-19 22:50:05
https://www.instagram.com/desi_aryaningsih,desi_aryaningsih,1486810996,2017-02-11 11:03:16
https://www.instagram.com/larasati175,larasati175,1484827802,2017-01-19 12:10:02
https://www.instagram.com/adityawijaya__,adityawijaya__,1484641698,2017-01-17 08:28:18
https://www.instagram.com/m_rafihidayat,m_rafihidayat,1483787235,2017-01-07 11:07:15
https://www.instagram.com/gedungpencakarlangit,gedungpencakarlangit,1483583037,2017-01-05 02:23:57
https://www.instagram.com/ilyas.muh94,ilyas.muh94,1481498045,2016-12-11 23:14:05
https://www.instagram.com/dennyd.putra,dennyd.putra,1481338397,2016-12-10 02:53:17
https://www.instagram.com/ekapwigunaa_,ekapwigunaa_,1479108223,2016-11-14 07:23:43
https://www.instagram.com/cok__adi,cok__adi,1478905144,2016-11-11 22:59:04
https://www.instagram.com/watashiewa,watashiewa,1478440277,2016-11-06 13:51:17
https://www.instagram.com/sasgitaerlina,sasgitaerlina,1478144522,2016-11-03 03:42:02
https://www.instagram.com/adityaprtmputra,adityaprtmputra,1476877552,2016-10-19 11:45:52
https://www.instagram.com/agung_wisnusuputra,agung_wisnusuputra,1475802269,2016-10-07 01:04:29
https://www.instagram.com/tohpati,tohpati,1475764503,2016-10-06 14:35:03
https://www.instagram.com/pieterallancs,pieterallancs,1475762603,2016-10-06 14:03:23
https://www.instagram.com/aguseddys,aguseddys,1475754493,2016-10-06 11:48:13
https://www.instagram.com/adeherry_,adeherry_,1475754150,2016-10-06 11:42:30
https://www.instagram.com/wahyuxdyatmika,wahyuxdyatmika,1475753458,2016-10-06 11:30:58
https://www.instagram.com/aan13.96,aan13.96,1475752990,2016-10-06 11:23:10
https://www.instagram.com/madepradiipta,madepradiipta,1475752986,2016-10-06 11:23:06
https://www.instagram.com/edoputra.d,edoputra.d,1475623919,2016-10-04 23:31:59
https://www.instagram.com/scolastika_ana,scolastika_ana,1475511570,2016-10-03 16:19:30
https://www.instagram.com/dbr_10969,dbr_10969,1475402726,2016-10-02 10:05:26
https://www.instagram.com/denybronx,denybronx,1475402720,2016-10-02 10:05:20
https://www.instagram.com/cholil,cholil,1474649390,2016-09-23 16:49:50
https://www.instagram.com/sidekonveksi,sidekonveksi,1474558343,2016-09-22 15:32:23
https://www.instagram.com/agungwibawa,agungwibawa,1474465696,2016-09-21 13:48:16
https://www.instagram.com/ekapebry12,ekapebry12,1474442894,2016-09-21 07:28:14
https://www.instagram.com/idaayuwulan__,idaayuwulan__,1474404871,2016-09-20 20:54:31
https://www.instagram.com/asteriska_,asteriska_,1473756812,2016-09-13 08:53:32
https://www.instagram.com/nabilarusdiani,nabilarusdiani,1473227498,2016-09-07 05:51:38
https://www.instagram.com/stellagareth,stellagareth,1473006096,2016-09-04 16:21:36
https://www.instagram.com/rezzawiguna,rezzawiguna,1472613103,2016-08-31 03:11:43
https://www.instagram.com/acchpbali,acchpbali,1472464394,2016-08-29 09:53:14
https://www.instagram.com/geraldsitumorang,geraldsitumorang,1472363166,2016-08-28 05:46:06
https://www.instagram.com/riskiyahfahrunnisa,riskiyahfahrunnisa,1471322459,2016-08-16 04:40:59
https://www.instagram.com/riobagusputrawan,riobagusputrawan,1470178970,2016-08-02 23:02:50
https://www.instagram.com/sudewipurnamii,sudewipurnamii,1469609386,2016-07-27 08:49:46
https://www.instagram.com/fitrihandayani___,fitrihandayani___,1468934166,2016-07-19 13:16:06
https://www.instagram.com/vinopradnyana26,vinopradnyana26,1468816362,2016-07-18 04:32:42
https://www.instagram.com/bagus_windhi,bagus_windhi,1468392967,2016-07-13 06:56:07
https://www.instagram.com/bagusyudhaa_,bagusyudhaa_,1466233479,2016-06-18 07:04:39
https://www.instagram.com/agungmalika,agungmalika,1465194321,2016-06-06 06:25:21
https://www.instagram.com/ayutrisnadwwi,ayutrisnadwwi,1465188749,2016-06-06 04:52:29
https://www.instagram.com/diosatria,diosatria,1464677792,2016-05-31 06:56:32
https://www.instagram.com/ivanbimasena,ivanbimasena,1464278112,2016-05-26 15:55:12
https://www.instagram.com/igamassardi,igamassardi,1463970967,2016-05-23 02:36:07
https://www.instagram.com/dialogdinihari,dialogdinihari,1463970959,2016-05-23 02:35:59
https://www.instagram.com/richadia,richadia,1463897558,2016-05-22 06:12:38
https://www.instagram.com/prastyadiw,prastyadiw,1463889533,2016-05-22 03:58:53
https://www.instagram.com/arisapitri,arisapitri,1463887213,2016-05-22 03:20:13
https://www.instagram.com/tukusumawi,tukusumawi,1463887203,2016-05-22 03:20:03
https://www.instagram.com/handikaputra,handikaputra,1463887201,2016-05-22 03:20:01
https://www.instagram.com/ekadanaiswara,ekadanaiswara,1463887192,2016-05-22 03:19:52
https://www.instagram.com/mank3x,mank3x,1463887175,2016-05-22 03:19:35
https://www.instagram.com/danillariyadi,danillariyadi,1463483487,2016-05-17 11:11:27
https://www.instagram.com/endahnrhesa,endahnrhesa,1463483477,2016-05-17 11:11:17
https://www.instagram.com/moccaofficial,moccaofficial,1463238763,2016-05-14 15:12:43
https://www.instagram.com/david___setiawan,david___setiawan,1461603056,2016-04-25 16:50:56
https://www.instagram.com/thesigit_,thesigit_,1460203464,2016-04-09 12:04:24
https://www.instagram.com/awandinata,awandinata,1459130482,2016-03-28 02:01:22
https://www.instagram.com/arnellros,arnellros,1458689593,2016-03-22 23:33:13
https://www.instagram.com/sanjoedy2,sanjoedy2,1458456091,2016-03-20 06:41:31
https://www.instagram.com/voiceofstikombali,voiceofstikombali,1458278516,2016-03-18 05:21:56
https://www.instagram.com/kadekwirayanti,kadekwirayanti,1457967276,2016-03-14 14:54:36
https://www.instagram.com/swendraputra,swendraputra,1457697491,2016-03-11 11:58:11
https://www.instagram.com/suryawidinata,suryawidinata,1457079426,2016-03-04 08:17:06
https://www.instagram.com/sholehmuezza,sholehmuezza,1456356353,2016-02-24 23:25:53
https://www.instagram.com/epho_22,epho_22,1455862656,2016-02-19 06:17:36
https://www.instagram.com/agikarya,agikarya,1455854299,2016-02-19 03:58:19
https://www.instagram.com/dewaayusa,dewaayusa,1455776489,2016-02-18 06:21:29
https://www.instagram.com/arwp___,arwp___,1455577810,2016-02-15 23:10:10
https://www.instagram.com/dexnowtf_,dexnowtf_,1454886485,2016-02-07 23:08:05
https://www.instagram.com/dwiharmanto_,dwiharmanto_,1454799118,2016-02-06 22:51:58
https://www.instagram.com/wasesa_adi,wasesa_adi,1454712725,2016-02-05 22:52:05
https://www.instagram.com/sintyasilvi,sintyasilvi,1454651894,2016-02-05 05:58:14
https://www.instagram.com/siti_khotimah21,siti_khotimah21,1454558787,2016-02-04 04:06:27
https://www.instagram.com/ergoapaani,ergoapaani,1454539761,2016-02-03 22:49:21
https://www.instagram.com/ayunovi13,ayunovi13,1454328839,2016-02-01 12:13:59
https://www.instagram.com/17riyantiokta,17riyantiokta,1454133479,2016-01-30 05:57:59
https://www.instagram.com/akmal_ibnu,akmal_ibnu,1453940124,2016-01-28 00:15:24
https://www.instagram.com/ikyd1994,ikyd1994,1453800715,2016-01-26 09:31:55
https://www.instagram.com/sisunkistorange,sisunkistorange,1453644975,2016-01-24 14:16:15
https://www.instagram.com/muppylubakbali,muppylubakbali,1453546879,2016-01-23 11:01:19
https://www.instagram.com/idayusara,idayusara,1453546795,2016-01-23 10:59:55
https://www.instagram.com/bobhit_,bobhit_,1453128554,2016-01-18 14:49:14
https://www.instagram.com/abdullahzainula_,abdullahzainula_,1450875740,2015-12-23 13:02:20
https://www.instagram.com/destyadhea,destyadhea,1449531662,2015-12-07 23:41:02
https://www.instagram.com/arisyipamilie,arisyipamilie,1449495253,2015-12-07 13:34:13
https://www.instagram.com/vinasintiad,vinasintiad,1449364639,2015-12-06 01:17:19
https://www.instagram.com/nyoman.war,nyoman.war,1449292078,2015-12-05 05:07:58
https://www.instagram.com/pasek_susana,pasek_susana,1448850834,2015-11-30 02:33:54
https://www.instagram.com/zeonita,zeonita,1448720611,2015-11-28 14:23:31
https://www.instagram.com/sudi_astinie,sudi_astinie,1448703494,2015-11-28 09:38:14
https://www.instagram.com/irwancahyadi_,irwancahyadi_,1448676285,2015-11-28 02:04:45
https://www.instagram.com/tikadevidw_,tikadevidw_,1448669310,2015-11-28 00:08:30
https://www.instagram.com/dheantiasavitri,dheantiasavitri,1448525721,2015-11-26 08:15:21
https://www.instagram.com/diaz1502,diaz1502,1448525717,2015-11-26 08:15:17
https://www.instagram.com/baysampurna,baysampurna,1447943254,2015-11-19 14:27:34
https://www.instagram.com/cinthya_kim,cinthya_kim,1447913169,2015-11-19 06:06:09
https://www.instagram.com/retnonitis,retnonitis,1447591719,2015-11-15 12:48:39
https://www.instagram.com/riskyjuniarto,riskyjuniarto,1447587879,2015-11-15 11:44:39
https://www.instagram.com/mellakustiadewii,mellakustiadewii,1447484487,2015-11-14 07:01:27
https://www.instagram.com/prima_santhi,prima_santhi,1447332098,2015-11-12 12:41:38
https://www.instagram.com/widhylarasati.h,widhylarasati.h,1447331828,2015-11-12 12:37:08
https://www.instagram.com/ericsugitawan,ericsugitawan,1447289528,2015-11-12 00:52:08
https://www.instagram.com/kemaas,kemaas,1447107420,2015-11-09 22:17:00
https://www.instagram.com/ayuzuraa,ayuzuraa,1447082781,2015-11-09 15:26:21
https://www.instagram.com/aryapradanaa,aryapradanaa,1447060590,2015-11-09 09:16:30
https://www.instagram.com/cintyadevii,cintyadevii,1447030205,2015-11-09 00:50:05
https://www.instagram.com/diahsukma20,diahsukma20,1447021887,2015-11-08 22:31:27
https://www.instagram.com/egass_,egass_,1447021017,2015-11-08 22:16:57
https://www.instagram.com/yunithakurnia,yunithakurnia,1446999808,2015-11-08 16:23:28
https://www.instagram.com/rezapratamap,rezapratamap,1446991030,2015-11-08 13:57:10
https://www.instagram.com/aryraditya,aryraditya,1446990635,2015-11-08 13:50:35
https://www.instagram.com/gungbagusmahendra,gungbagusmahendra,1446990444,2015-11-08 13:47:24
https://www.instagram.com/dianepertiwi_,dianepertiwi_,1446990174,2015-11-08 13:42:54
https://www.instagram.com/muhid_van_hauten,muhid_van_hauten,1446990060,2015-11-08 13:41:00
https://www.instagram.com/rifkylana,rifkylana,1446989970,2015-11-08 13:39:30
https://www.instagram.com/gushendraa,gushendraa,1446789271,2015-11-06 05:54:31
https://www.instagram.com/jayakjay,jayakjay,1446767779,2015-11-05 23:56:19
https://www.instagram.com/gusii_,gusii_,1445830901,2015-10-26 03:41:41
https://www.instagram.com/radenbgs,radenbgs,1445755493,2015-10-25 06:44:53
https://www.instagram.com/wulanpritaa,wulanpritaa,1445577417,2015-10-23 05:16:57
https://www.instagram.com/jemyarifandi,jemyarifandi,1445484869,2015-10-22 03:34:29
https://www.instagram.com/dewayukrisna,dewayukrisna,1445483838,2015-10-22 03:17:18
https://www.instagram.com/igustiayunovia,igustiayunovia,1445397505,2015-10-21 03:18:25
https://www.instagram.com/dwiputrry,dwiputrry,1445138928,2015-10-18 03:28:48
https://www.instagram.com/gagafridayla,gagafridayla,1444875384,2015-10-15 02:16:24
https://www.instagram.com/rosviananur_,rosviananur_,1444792358,2015-10-14 03:12:38
https://www.instagram.com/astagarehan,astagarehan,1444426816,2015-10-09 21:40:16
https://www.instagram.com/sentanudewa,sentanudewa,1444105163,2015-10-06 04:19:23
https://www.instagram.com/triaswandewi,triaswandewi,1444052147,2015-10-05 13:35:47
https://www.instagram.com/maria_yulia97,maria_yulia97,1443705781,2015-10-01 13:23:01
https://www.instagram.com/johnmayer,johnmayer,1443565944,2015-09-29 22:32:24
https://www.instagram.com/kartikaprasista,kartikaprasista,1443442205,2015-09-28 12:10:05
https://www.instagram.com/edytembles,edytembles,1443441847,2015-09-28 12:04:07
https://www.instagram.com/cokcandani,cokcandani,1443404624,2015-09-28 01:43:44
https://www.instagram.com/yogiagastyaa,yogiagastyaa,1443396495,2015-09-27 23:28:15
https://www.instagram.com/dewasugama,dewasugama,1443171913,2015-09-25 09:05:13
https://www.instagram.com/nellyagielll,nellyagielll,1443112157,2015-09-24 16:29:17
https://www.instagram.com/gungdepradnyautama,gungdepradnyautama,1442669187,2015-09-19 13:26:27
https://www.instagram.com/audynandaleyta,audynandaleyta,1442490007,2015-09-17 11:40:07
https://www.instagram.com/dayuoca_,dayuoca_,1442474658,2015-09-17 07:24:18
https://www.instagram.com/shiylla06,shiylla06,1442473700,2015-09-17 07:08:20
https://www.instagram.com/ara_fsari,ara_fsari,1442462858,2015-09-17 04:07:38
https://www.instagram.com/ayufrismana,ayufrismana,1442461090,2015-09-17 03:38:10
https://www.instagram.com/wulanastarini,wulanastarini,1442399734,2015-09-16 10:35:34
https://www.instagram.com/milaykagadys,milaykagadys,1442399268,2015-09-16 10:27:48
https://www.instagram.com/imamperdanaputra,imamperdanaputra,1442356516,2015-09-15 22:35:16
https://www.instagram.com/intanella_r,intanella_r,1442355536,2015-09-15 22:18:56
https://www.instagram.com/erikseptiawan,erikseptiawan,1442355454,2015-09-15 22:17:34
https://www.instagram.com/septianawindy,septianawindy,1441985869,2015-09-11 15:37:49
https://www.instagram.com/sasihkirono_art,sasihkirono_art,1441927203,2015-09-10 23:20:03
https://www.instagram.com/adiityadinata,adiityadinata,1441695514,2015-09-08 06:58:34
https://www.instagram.com/isyanasarasvati,isyanasarasvati,1441036972,2015-08-31 16:02:52
https://www.instagram.com/locker_adventure,locker_adventure,1440299590,2015-08-23 03:13:10
https://www.instagram.com/shintaapuspita,shintaapuspita,1440282757,2015-08-22 22:32:37
https://www.instagram.com/nyomandarmayanti,nyomandarmayanti,1440033083,2015-08-20 01:11:23
https://www.instagram.com/nillawulandari_,nillawulandari_,1439868735,2015-08-18 03:32:15
https://www.instagram.com/juni_antara81,juni_antara81,1439694549,2015-08-16 03:09:09
https://www.instagram.com/arwindarmayasa,arwindarmayasa,1438937998,2015-08-07 08:59:58
https://www.instagram.com/marisa_cun,marisa_cun,1435816558,2015-07-02 05:55:58
https://www.instagram.com/rudi_anwar,rudi_anwar,1435791146,2015-07-01 22:52:26
https://www.instagram.com/anggacipta,anggacipta,1435403027,2015-06-27 11:03:47
https://www.instagram.com/suryantaredup,suryantaredup,1435165174,2015-06-24 16:59:34
https://www.instagram.com/mad_ridho,mad_ridho,1434883191,2015-06-21 10:39:51
https://www.instagram.com/andikaprayudaa,andikaprayudaa,1434877323,2015-06-21 09:02:03
https://www.instagram.com/anisacharoline,anisacharoline,1434870622,2015-06-21 07:10:22
https://www.instagram.com/dwiraamadhanii,dwiraamadhanii,1434855275,2015-06-21 02:54:35
https://www.instagram.com/anggahermawanf,anggahermawanf,1434337417,2015-06-15 03:03:37
https://www.instagram.com/denarolling,denarolling,1434115605,2015-06-12 13:26:45
https://www.instagram.com/idaayumirahc,idaayumirahc,1433516924,2015-06-05 15:08:44
https://www.instagram.com/gusdeni__,gusdeni__,1433226977,2015-06-02 06:36:17
https://www.instagram.com/aaa.rukmawati20,aaa.rukmawati20,1432956574,2015-05-30 03:29:34
https://www.instagram.com/rusmalaenny,rusmalaenny,1432524707,2015-05-25 03:31:47
https://www.instagram.com/ivan_wipratama,ivan_wipratama,1431517905,2015-05-13 11:51:45
https://www.instagram.com/ekaarthayasa,ekaarthayasa,1431396304,2015-05-12 02:05:04
https://www.instagram.com/ananda.dwici,ananda.dwici,1431222580,2015-05-10 01:49:40
https://www.instagram.com/dwiastejas,dwiastejas,1431213192,2015-05-09 23:13:12
https://www.instagram.com/brendamaelya,brendamaelya,1430924584,2015-05-06 15:03:04
https://www.instagram.com/jaka_erlangga,jaka_erlangga,1430842746,2015-05-05 16:19:06
https://www.instagram.com/benyalean,benyalean,1430783472,2015-05-04 23:51:12
https://www.instagram.com/shantidwipuspita,shantidwipuspita,1429787771,2015-04-23 11:16:11
https://www.instagram.com/lilsins_88,lilsins_88,1429772023,2015-04-23 06:53:43
https://www.instagram.com/gungwahputra_,gungwahputra_,1429708048,2015-04-22 13:07:28
https://www.instagram.com/niti.prahastini,niti.prahastini,1429687125,2015-04-22 07:18:45
https://www.instagram.com/adisuryawann,adisuryawann,1429257886,2015-04-17 08:04:46
https://www.instagram.com/gusya21,gusya21,1428972962,2015-04-14 00:56:02
https://www.instagram.com/renathaagustina,renathaagustina,1428878200,2015-04-12 22:36:40
https://www.instagram.com/ghealarasati,ghealarasati,1428573853,2015-04-09 10:04:13
https://www.instagram.com/satyarini,satyarini,1428407004,2015-04-07 11:43:24
https://www.instagram.com/xampp16,xampp16,1428299520,2015-04-06 05:52:00
https://www.instagram.com/jasminmaricar,jasminmaricar,1428299416,2015-04-06 05:50:16
https://www.instagram.com/desakantari_,desakantari_,1428018569,2015-04-02 23:49:29
https://www.instagram.com/anisatrihandayani,anisatrihandayani,1427962801,2015-04-02 08:20:01
https://www.instagram.com/ariokamega,ariokamega,1427962666,2015-04-02 08:17:46
https://www.instagram.com/herwin18_,herwin18_,1427698765,2015-03-30 06:59:25
https://www.instagram.com/viangrm,viangrm,1427460222,2015-03-27 12:43:42
https://www.instagram.com/byrendra_,byrendra_,1427415514,2015-03-27 00:18:34
https://www.instagram.com/yudhipratiwindhya,yudhipratiwindhya,1427340073,2015-03-26 03:21:13
https://www.instagram.com/pt.danu,pt.danu,1427295692,2015-03-25 15:01:32
https://www.instagram.com/galisavrillyla,galisavrillyla,1427294230,2015-03-25 14:37:10
https://www.instagram.com/dewa_pratama,dewa_pratama,1426679032,2015-03-18 11:43:52
https://www.instagram.com/purnawandharma,purnawandharma,1426637480,2015-03-18 00:11:20
https://www.instagram.com/delapraditya,delapraditya,1426637389,2015-03-18 00:09:49
https://www.instagram.com/icha_margareth,icha_margareth,1426301967,2015-03-14 02:59:27
https://www.instagram.com/chresna_,chresna_,1426299221,2015-03-14 02:13:41
https://www.instagram.com/pndbagas,pndbagas,1426299007,2015-03-14 02:10:07
https://www.instagram.com/ayuulfasari,ayuulfasari,1426297374,2015-03-14 01:42:54
https://www.instagram.com/tubyxsquare,tubyxsquare,1426296969,2015-03-14 01:36:09
https://www.instagram.com/triahf,triahf,1426296893,2015-03-14 01:34:53
https://www.instagram.com/komangsunarta,komangsunarta,1426296628,2015-03-14 01:30:28
https://www.instagram.com/goes_koko,goes_koko,1426246082,2015-03-13 11:28:02
https://www.instagram.com/dwiadh,dwiadh,1425510241,2015-03-04 23:04:01
https://www.instagram.com/adyyoseph_,adyyoseph_,1425458092,2015-03-04 08:34:52
https://www.instagram.com/gungwah_van,gungwah_van,1425120601,2015-02-28 10:50:01
https://www.instagram.com/sptwikana,sptwikana,1425105228,2015-02-28 06:33:48
https://www.instagram.com/aaputry,aaputry,1424950648,2015-02-26 11:37:28
https://www.instagram.com/ode_mas,ode_mas,1424930677,2015-02-26 06:04:37
https://www.instagram.com/dayuu_anggraeni,dayuu_anggraeni,1424742020,2015-02-24 01:40:20
https://www.instagram.com/fadhilahmasyhadi,fadhilahmasyhadi,1424499997,2015-02-21 06:26:37
https://www.instagram.com/donyinod,donyinod,1424494282,2015-02-21 04:51:22
https://www.instagram.com/utysulandari,utysulandari,1424494120,2015-02-21 04:48:40
https://www.instagram.com/bayuardiana,bayuardiana,1424335190,2015-02-19 08:39:50
https://www.instagram.com/danassilvian,danassilvian,1424104821,2015-02-16 16:40:21
https://www.instagram.com/ariesrobusa,ariesrobusa,1424090572,2015-02-16 12:42:52
https://www.instagram.com/sbmc_stikombali,sbmc_stikombali,1423888369,2015-02-14 04:32:49
https://www.instagram.com/bayhu_inde06,bayhu_inde06,1423883909,2015-02-14 03:18:29
https://www.instagram.com/ayutresnayani94,ayutresnayani94,1423782586,2015-02-12 23:09:46
https://www.instagram.com/pandealitrastika,pandealitrastika,1422518596,2015-01-29 08:03:16
https://www.instagram.com/adiahy_,adiahy_,1422322967,2015-01-27 01:42:47
https://www.instagram.com/septidingdong,septidingdong,1422233920,2015-01-26 00:58:40
https://www.instagram.com/rizkyandrianym,rizkyandrianym,1421903951,2015-01-22 05:19:11
https://www.instagram.com/yenipuspita23,yenipuspita23,1421804395,2015-01-21 01:39:55
https://www.instagram.com/utiie_bubu,utiie_bubu,1421647412,2015-01-19 06:03:32
https://www.instagram.com/asdwita_made,asdwita_made,1421628535,2015-01-19 00:48:55
https://www.instagram.com/dodix_abdy,dodix_abdy,1421384150,2015-01-16 04:55:50
https://www.instagram.com/seperti_wahyu,seperti_wahyu,1421246412,2015-01-14 14:40:12
https://www.instagram.com/sunarsa,sunarsa,1421111560,2015-01-13 01:12:40
https://www.instagram.com/gungbig,gungbig,1420556794,2015-01-06 15:06:34
https://www.instagram.com/mitapatmiwati,mitapatmiwati,1420161786,2015-01-02 01:23:06
https://www.instagram.com/wawan_a,wawan_a,1419321981,2014-12-23 08:06:21
https://www.instagram.com/wahyu_semeru,wahyu_semeru,1419321954,2014-12-23 08:05:54
https://www.instagram.com/annisa_nasrudin,annisa_nasrudin,1418898446,2014-12-18 10:27:26
https://www.instagram.com/_mike90s,_mike90s,1418709351,2014-12-16 05:55:51
https://www.instagram.com/gd.wirayasa,gd.wirayasa,1418682663,2014-12-15 22:31:03
https://www.instagram.com/io.bagusputra,io.bagusputra,1418627714,2014-12-15 07:15:14
https://www.instagram.com/_hermawan,_hermawan,1418556706,2014-12-14 11:31:46
https://www.instagram.com/radhityahadi,radhityahadi,1418219814,2014-12-10 13:56:54
https://www.instagram.com/rangga_aadc,rangga_aadc,1417914052,2014-12-07 01:00:52
https://www.instagram.com/kichivimalo,kichivimalo,1417883413,2014-12-06 16:30:13
https://www.instagram.com/commog,commog,1417838038,2014-12-06 03:53:58
https://www.instagram.com/raibayuabadi,raibayuabadi,1417836726,2014-12-06 03:32:06
https://www.instagram.com/madness_project,madness_project,1417747314,2014-12-05 02:41:54
https://www.instagram.com/dyah_ucx,dyah_ucx,1417052570,2014-11-27 01:42:50
https://www.instagram.com/rapistantagonist,rapistantagonist,1417052566,2014-11-27 01:42:46
https://www.instagram.com/kocxramdan,kocxramdan,1416742868,2014-11-23 11:41:08
https://www.instagram.com/ibokasemadi,ibokasemadi,1416732785,2014-11-23 08:53:05
https://www.instagram.com/nyolinkcorleone,nyolinkcorleone,1416437920,2014-11-19 22:58:40
https://www.instagram.com/novitadb,novitadb,1416283873,2014-11-18 04:11:13
https://www.instagram.com/dwika.aswa,dwika.aswa,1416183922,2014-11-17 00:25:22
https://www.instagram.com/tunjungsaripalguna,tunjungsaripalguna,1416183916,2014-11-17 00:25:16
https://www.instagram.com/ardi_megaputra,ardi_megaputra,1416183902,2014-11-17 00:25:02
https://www.instagram.com/bayuudayana,bayuudayana,1416133769,2014-11-16 10:29:29
https://www.instagram.com/odywoldy,odywoldy,1416052494,2014-11-15 11:54:54
https://www.instagram.com/pingkyrusminidewi,pingkyrusminidewi,1415971354,2014-11-14 13:22:34
https://www.instagram.com/inggaldewanti,inggaldewanti,1415842595,2014-11-13 01:36:35
https://www.instagram.com/nabilahayunani,nabilahayunani,1415842587,2014-11-13 01:36:27
https://www.instagram.com/firdausangga,firdausangga,1415842581,2014-11-13 01:36:21
https://www.instagram.com/chriistyana,chriistyana,1415842577,2014-11-13 01:36:17
https://www.instagram.com/ryanchristanta,ryanchristanta,1415842572,2014-11-13 01:36:12
https://www.instagram.com/yan_sholyn,yan_sholyn,1415746897,2014-11-11 23:01:37
https://www.instagram.com/sux______,sux______,1415746830,2014-11-11 23:00:30
https://www.instagram.com/gedeyudhy,gedeyudhy,1415702625,2014-11-11 10:43:45
https://www.instagram.com/novi_kristinaa,novi_kristinaa,1415154149,2014-11-05 02:22:29
https://www.instagram.com/niningpuspaningrum,niningpuspaningrum,1415139735,2014-11-04 22:22:15
https://www.instagram.com/deviconnect,deviconnect,1414763578,2014-10-31 13:52:58
https://www.instagram.com/utiiaasss_,utiiaasss_,1414153042,2014-10-24 12:17:22
https://www.instagram.com/yohanes.p.ajie,yohanes.p.ajie,1414151866,2014-10-24 11:57:46
https://www.instagram.com/putriagustini,putriagustini,1413623530,2014-10-18 09:12:10
https://www.instagram.com/niastutipt,niastutipt,1413508358,2014-10-17 01:12:38
https://www.instagram.com/yudhadanmega,yudhadanmega,1413469414,2014-10-16 14:23:34
https://www.instagram.com/madehunter93,madehunter93,1413335395,2014-10-15 01:09:55
https://www.instagram.com/feryberuk,feryberuk,1412485331,2014-10-05 05:02:11
https://www.instagram.com/widyatamara_,widyatamara_,1411528720,2014-09-24 03:18:40
https://www.instagram.com/megitadewi,megitadewi,1410217306,2014-09-08 23:01:46
https://www.instagram.com/ki.wahyudipurbocarito,ki.wahyudipurbocarito,1409281121,2014-08-29 02:58:41
https://www.instagram.com/ratiharyaningtyas,ratiharyaningtyas,1408849850,2014-08-24 03:10:50
https://www.instagram.com/devijustisyani,devijustisyani,1408832742,2014-08-23 22:25:42
https://www.instagram.com/triyogadibrata,triyogadibrata,1408799631,2014-08-23 13:13:51
https://www.instagram.com/narayanayande,narayanayande,1408796867,2014-08-23 12:27:47
https://www.instagram.com/desakintan_,desakintan_,1408572435,2014-08-20 22:07:15
https://www.instagram.com/ayuritami01,ayuritami01,1408184752,2014-08-16 10:25:52
https://www.instagram.com/andre_johevy,andre_johevy,1408097865,2014-08-15 10:17:45
https://www.instagram.com/ajikdewa_,ajikdewa_,1408077918,2014-08-15 04:45:18
https://www.instagram.com/dirgabayusutha,dirgabayusutha,1408077881,2014-08-15 04:44:41
https://www.instagram.com/sintia.kusumaa,sintia.kusumaa,1408077843,2014-08-15 04:44:03
https://www.instagram.com/richie.putra,richie.putra,1408077804,2014-08-15 04:43:24
https://www.instagram.com/hiroshi.wijaya,hiroshi.wijaya,1408077785,2014-08-15 04:43:05
https://www.instagram.com/ogikprayoga,ogikprayoga,1407337129,2014-08-06 14:58:49
https://www.instagram.com/ari_chyd,ari_chyd,1406444989,2014-07-27 07:09:49
https://www.instagram.com/ay____1230,ay____1230,1405725063,2014-07-18 23:11:03
https://www.instagram.com/andrenobitha,andrenobitha,1405521960,2014-07-16 14:46:00
https://www.instagram.com/oni_nur_h,oni_nur_h,1405472535,2014-07-16 01:02:15
https://www.instagram.com/dirga_ade93,dirga_ade93,1405472528,2014-07-16 01:02:08
https://www.instagram.com/sekar_wl,sekar_wl,1405424855,2014-07-15 11:47:35
https://www.instagram.com/gededhika,gededhika,1405414114,2014-07-15 08:48:34
https://www.instagram.com/igrwijaya,igrwijaya,1405413864,2014-07-15 08:44:24
https://www.instagram.com/rroviko,rroviko,1405413575,2014-07-15 08:39:35
https://www.instagram.com/okkymahesora,okkymahesora,1404831503,2014-07-08 14:58:23
https://www.instagram.com/candrawati29.cw,candrawati29.cw,1404532616,2014-07-05 03:56:56
https://www.instagram.com/agungdwiisparina,agungdwiisparina,1404527423,2014-07-05 02:30:23
https://www.instagram.com/bayusatriadarma,bayusatriadarma,1403694845,2014-06-25 11:14:05
https://www.instagram.com/prasmw,prasmw,1403595000,2014-06-24 07:30:00
https://www.instagram.com/rizkynano,rizkynano,1403591654,2014-06-24 06:34:14
https://www.instagram.com/kapopiix,kapopiix,1403591642,2014-06-24 06:34:02
https://www.instagram.com/noe_amien,noe_amien,1403591566,2014-06-24 06:32:46
https://www.instagram.com/charlitawando_,charlitawando_,1403591550,2014-06-24 06:32:30
https://www.instagram.com/adefrid,adefrid,1403591486,2014-06-24 06:31:26
https://www.instagram.com/putubayuhrp,putubayuhrp,1403309755,2014-06-21 00:15:55
https://www.instagram.com/pramana_arista,pramana_arista,1403246540,2014-06-20 06:42:20
https://www.instagram.com/indahyunikautari,indahyunikautari,1403246441,2014-06-20 06:40:41
https://www.instagram.com/mastervarol,mastervarol,1403244357,2014-06-20 06:05:57
https://www.instagram.com/suryapdewata,suryapdewata,1403243784,2014-06-20 05:56:24
https://www.instagram.com/tej_rxa,tej_rxa,1403243774,2014-06-20 05:56:14
https://www.instagram.com/_moonmonica_,_moonmonica_,1403243757,2014-06-20 05:55:57
https://www.instagram.com/danielpramana,danielpramana,1403243750,2014-06-20 05:55:50
https://www.instagram.com/widyaawulan,widyaawulan,1403243479,2014-06-20 05:51:19
https://www.instagram.com/novilestaris,novilestaris,1403188648,2014-06-19 14:37:28
https://www.instagram.com/dyorzky,dyorzky,1402593239,2014-06-12 17:13:59
https://www.instagram.com/e.a.p.25,e.a.p.25,1402532814,2014-06-12 00:26:54
https://www.instagram.com/yuniastari,yuniastari,1402498582,2014-06-11 14:56:22
https://www.instagram.com/wipdewa,wipdewa,1402361236,2014-06-10 00:47:16
https://www.instagram.com/musca_,musca_,1402302295,2014-06-09 08:24:55
https://www.instagram.com/_angga_pranata_,_angga_pranata_,1402275339,2014-06-09 00:55:39
https://www.instagram.com/xtinasui,xtinasui,1402227014,2014-06-08 11:30:14
https://www.instagram.com/agungyoga21,agungyoga21,1402206328,2014-06-08 05:45:28
https://www.instagram.com/mde.saka,mde.saka,1402202668,2014-06-08 04:44:28
https://www.instagram.com/mamadirandra,mamadirandra,1402200847,2014-06-08 04:14:07
https://www.instagram.com/donnydharma,donnydharma,1402198854,2014-06-08 03:40:54
https://www.instagram.com/lindaalestarii,lindaalestarii,1402198485,2014-06-08 03:34:45
https://www.instagram.com/adityaiswaraa,adityaiswaraa,1402198083,2014-06-08 03:28:03
https://www.instagram.com/chocolate94941,chocolate94941,1402198061,2014-06-08 03:27:41
https://www.instagram.com/onyaasonya,onyaasonya,1402198057,2014-06-08 03:27:37
https://www.instagram.com/adefera_,adefera_,1402198042,2014-06-08 03:27:22
https://www.instagram.com/marta.wijaya,marta.wijaya,1402198026,2014-06-08 03:27:06
https://www.instagram.com/herzfr,herzfr,1402198023,2014-06-08 03:27:03
https://www.instagram.com/rxgenaditya,rxgenaditya,1402198021,2014-06-08 03:27:01
https://www.instagram.com/gungdesw,gungdesw,1402198017,2014-06-08 03:26:57
https://www.instagram.com/ramawibawa_,ramawibawa_,1402198011,2014-06-08 03:26:51
https://www.instagram.com/arikaspy,arikaspy,1402198006,2014-06-08 03:26:46
https://www.instagram.com/cocodjelantik,cocodjelantik,1402198003,2014-06-08 03:26:43
https://www.instagram.com/iwayanjuniartatunas,iwayanjuniartatunas,1402197998,2014-06-08 03:26:38
https://www.instagram.com/soemberdana,soemberdana,1402197991,2014-06-08 03:26:31
https://www.instagram.com/dekjusaditya,dekjusaditya,1402197990,2014-06-08 03:26:30
https://www.instagram.com/radea_pratama,radea_pratama,1402197986,2014-06-08 03:26:26
https://www.instagram.com/feby.tjan,feby.tjan,1402197976,2014-06-08 03:26:16
https://www.instagram.com/odhi_satria,odhi_satria,1402197971,2014-06-08 03:26:11
https://www.instagram.com/dewiikusnia,dewiikusnia,1402197968,2014-06-08 03:26:08
https://www.instagram.com/danangpangestu,danangpangestu,1402197965,2014-06-08 03:26:05
https://www.instagram.com/dwix_cristina,dwix_cristina,1402197959,2014-06-08 03:25:59
https://www.instagram.com/dimas7_,dimas7_,1402197957,2014-06-08 03:25:57
https://www.instagram.com/ayu_cintya,ayu_cintya,1402197957,2014-06-08 03:25:57
https://www.instagram.com/_agus_wardana_,_agus_wardana_,1402197956,2014-06-08 03:25:56
