href,value,timestamp
https://www.instagram.com/officialodddanny,officialodddanny,1727450219
https://www.instagram.com/fernandagunsan,fernandagunsan,1727186318
https://www.instagram.com/alicephoebelou,alicephoebelou,1726463910
https://www.instagram.com/mohanhazian,mohanhazian,1726454108
https://www.instagram.com/alyaaputri,alyaaputri,1726454092
https://www.instagram.com/wsatcc,wsatcc,1725812598
https://www.instagram.com/thestrokes,thestrokes,1725812200
https://www.instagram.com/clairo,clairo,1725812092
https://www.instagram.com/oasis,oasis,1724760242
https://www.instagram.com/realityclub,realityclub,1723850814
https://www.instagram.com/facemelts,facemelts,1721471310
https://www.instagram.com/salpriadi,salpriadi,1720163585
https://www.instagram.com/converse_id,converse_id,1717759188
https://www.instagram.com/findingoodfilms,findingoodfilms,1717345567
https://www.instagram.com/fender,fender,1716395949
https://www.instagram.com/explainingtheuniverse,explainingtheuniverse,1715184582
https://www.instagram.com/altsongdigger,altsongdigger,1715183341
https://www.instagram.com/natgeo,natgeo,1713527429
https://www.instagram.com/diskon.indonesia,diskon.indonesia,1711341643
https://www.instagram.com/goodlifebca,goodlifebca,1711085777
https://www.instagram.com/arcticmonkeys,arcticmonkeys,1708866749
https://www.instagram.com/ussfeeds,ussfeeds,1708599725
https://www.instagram.com/folkative,folkative,1708599698
https://www.instagram.com/viceind,viceind,1708599696
https://www.instagram.com/kulturdomestik,kulturdomestik,1708174410
https://www.instagram.com/plfrprod,plfrprod,1707376910
https://www.instagram.com/triple_j,triple_j,1707219851
https://www.instagram.com/some_crumb,some_crumb,1706684626
https://www.instagram.com/royelotis,royelotis,1706666121
https://www.instagram.com/cinematologist_,cinematologist_,1705812658
https://www.instagram.com/mappingtheguitar,mappingtheguitar,1705412011
https://www.instagram.com/konserbali,konserbali,1702196043
https://www.instagram.com/historyphotographed,historyphotographed,1700144066
https://www.instagram.com/joylandfest,joylandfest,1698969244
https://www.instagram.com/whiteboardjournal,whiteboardjournal,1694383796
https://www.instagram.com/sorezeband,sorezeband,1694003309
https://www.instagram.com/jazzguitarlicks,jazzguitarlicks,1693543591
https://www.instagram.com/caitlinguitar,caitlinguitar,1693543459
https://www.instagram.com/hai_online,hai_online,1693543381
https://www.instagram.com/vicenews,vicenews,1693543294
https://www.instagram.com/deliciousbali,deliciousbali,1689770642
https://www.instagram.com/emily_elsie,emily_elsie,1685880921
https://www.instagram.com/ali__radio,ali__radio,1685785908
https://www.instagram.com/polkawars,polkawars,1684167972
https://www.instagram.com/jp.patton,jp.patton,1684063455
https://www.instagram.com/thehalocline,thehalocline,1682962424
https://www.instagram.com/goosefxpedalsbali,goosefxpedalsbali,1677919204
https://www.instagram.com/theadamsband,theadamsband,1675259723
https://www.instagram.com/perunggu_,perunggu_,1675259719
https://www.instagram.com/nafirimusic,nafirimusic,1674964970
https://www.instagram.com/sweeleejakarta,sweeleejakarta,1672834376
https://www.instagram.com/jones_barber_academy,jones_barber_academy,1657976271
https://www.instagram.com/blissbarber.course,blissbarber.course,1657976040
https://www.instagram.com/adin_guitarservice,adin_guitarservice,1657941784
https://www.instagram.com/kainnesia,kainnesia,1656843560
https://www.instagram.com/michikkkkoo,michikkkkoo,1649405568
https://www.instagram.com/concordia_music_shop,concordia_music_shop,1643247805
https://www.instagram.com/hiendguitar_bali,hiendguitar_bali,1640517973
https://www.instagram.com/hiendguitar,hiendguitar,1640516968
https://www.instagram.com/gimme_shelter_bali,gimme_shelter_bali,1640067950
https://www.instagram.com/not_fussed,not_fussed,1635493182
https://www.instagram.com/greyson_nekrutman,greyson_nekrutman,1632637657
https://www.instagram.com/praz_teguh,praz_teguh,1632059816
https://www.instagram.com/msteffiano,msteffiano,1631666858
https://www.instagram.com/umkastudio_,umkastudio_,1623639976
https://www.instagram.com/hightyid,hightyid,1623515041
https://www.instagram.com/tropicthundervintage,tropicthundervintage,1623495576
https://www.instagram.com/artist.attire,artist.attire,1621346213
https://www.instagram.com/hgbasiclabs,hgbasiclabs,1621262390
https://www.instagram.com/epidemicstreetwear,epidemicstreetwear,1621256519
https://www.instagram.com/sant.ai,sant.ai,1621251532
https://www.instagram.com/grayscalefuture,grayscalefuture,1621174060
https://www.instagram.com/nappamilano,nappamilano,1620603972
https://www.instagram.com/santai.catalog,santai.catalog,1618719045
https://www.instagram.com/jhenwick,jhenwick,1606470484
https://www.instagram.com/evacelia,evacelia,1606470221
https://www.instagram.com/pickupmusic,pickupmusic,1593941648
https://www.instagram.com/therealdisastr,therealdisastr,1587963123
https://www.instagram.com/rchelcia,rchelcia,1587460696
https://www.instagram.com/tenuedeattire,tenuedeattire,1581158420
https://www.instagram.com/viratalisa,viratalisa,1580225065
https://www.instagram.com/mateusasato,mateusasato,1572777842
https://www.instagram.com/pevpearce,pevpearce,1570528884
https://www.instagram.com/barasuara,barasuara,1568982990
https://www.instagram.com/baifernbah,baifernbah,1568085814
https://www.instagram.com/scaller_id,scaller_id,1554043618
https://www.instagram.com/btsmerk,btsmerk,1540614722
https://www.instagram.com/ourdailydoseid,ourdailydoseid,1529549521
https://www.instagram.com/vans.indo,vans.indo,1528634813
https://www.instagram.com/sebelahmata_erk,sebelahmata_erk,1503903117
https://www.instagram.com/monitatahalea,monitatahalea,1491197382
https://www.instagram.com/tohpati,tohpati,1475764503
https://www.instagram.com/cholil,cholil,1474649390
https://www.instagram.com/asteriska_,asteriska_,1473756812
https://www.instagram.com/stellagareth,stellagareth,1473006096
https://www.instagram.com/geraldsitumorang,geraldsitumorang,1472363166
https://www.instagram.com/igamassardi,igamassardi,1463970967
https://www.instagram.com/dialogdinihari,dialogdinihari,1463970959
https://www.instagram.com/danillariyadi,danillariyadi,1463483487
https://www.instagram.com/endahnrhesa,endahnrhesa,1463483477
https://www.instagram.com/moccaofficial,moccaofficial,1463238763
https://www.instagram.com/thesigit_,thesigit_,1460203464
https://www.instagram.com/johnmayer,johnmayer,1443565944
https://www.instagram.com/isyanasarasvati,isyanasarasvati,1441036972
https://www.instagram.com/sbmc_stikombali,sbmc_stikombali,1423888369
